[
	{
		"item_feature": "1",
		"Header_Title": "AES Encryption and Decryption"
	},
	{
		"Message": "please add your AES Key",
		"Preference": "aes_key",
		"item_feature": "4",
		"Preference_Default_Value": "Modder Hub",
		"Title": "Set AES Key",
		"Dlg_Input_Limit": "",
		"isInputDigit": false
	},
	{
		"item_feature": "1",
		"Header_Title": "Developed with ❤️ from 🇮🇳"
	},
	{
		"Web_Link": "https://youtube.com/@MaharnaTech/",
		"Message": "If you like it then please do subscribe to my channel",
		"item_feature": "3",
		"Title": "Developed by Maharna"
	},
	{
		"Message": "Please set check if you already visited and followed my channel 😅",
		"Preference": "nothing",
		"Preference_Default_CheckValue": false,
		"item_feature": "5",
		"Title": "Attendance 😂"
	}
]